buyer_id,reliability_score
0,0.35
1,0.75
2,0.6744186046511628
3,0.7575757575757576
4,0.2972972972972973
5,0.46875
6,0.2127659574468085
7,0.7391304347826086
8,0.8333333333333334
9,0.7391304347826086
